9784897795652,3135,TOP > 書籍 > ビジネス・経済 > ビジネス・経営 > セールス・営業管理
9784575714593,385,TOP > 書籍 > 教養・雑学（文庫） > 歴史・地理 > 日本史
9784835632728,770,TOP > 書籍 > 健康・家庭医学 > 健康・家庭医学 > 健康食
9784163765006,220,TOP > 書籍 > 芸術・芸能・エンタメ・アート > 芸能・演劇 > 芸能界・芸能人
9784990751616,990,TOP > 書籍 > ビジネス・経済 > 金融・マネー・税金 > 財テク・マネープラン
9784594614096,1045,TOP > 書籍 > 芸術・芸能・エンタメ・アート > 芸能・演劇 > テレビ・ドラマ
9784800275714,1375,TOP > 書籍 > 小説 > 現代の小説（純文学） > あ行の著者
9784569816708,220,TOP > 書籍 > 教養・雑学（新書） > 人生論・生き方
9784413012843,770,TOP > 書籍 > 教養・雑学（新書） > 人生論・生き方
9784105059316,385,TOP > 書籍 > メディカル > メディカル > 闘病・看護記
9784334960698,220,TOP > 書籍 > 実用書 > 家庭・子育て・ファッション・ダイエット > 冠婚葬祭・マナー
9784569667942,220,TOP > 書籍 > 教養・雑学（文庫） > 健康 > 健康法・健康食
9784107900333,660,TOP > 書籍 > 産業・労働 > 業界・産業 > 鉄道
9784167651671,220,TOP > 書籍 > 教養・雑学（文庫） > エンターテイメント > オカルト
9784042797012,550,TOP > 書籍 > 教養・雑学（文庫） > 旅行 > 紀行文(海外）
9784797380637,990,TOP > 書籍 > 教養・雑学（新書） > サイエンス > 生物学
9784534051271,1430,TOP > 書籍 > ビジネス・経済 > ビジネス・経営 > 仕事術・整理術
9784087478778,550,TOP > 書籍 > 教養・雑学（文庫） > 文学 > 詩集・歌集・句集
9784845421503,1375,TOP > 書籍 > 実用書 > 人生論・生き方・結婚
9784325206439,550,TOP > 書籍 > 教育 > 学校教育 > 国語
9784141882510,935,TOP > 書籍 > 芸術・芸能・エンタメ・アート > 音楽 > ピアノ楽譜
9784903881003,1045,TOP > 書籍 > 社会・文化 > 文化人類学・民俗学 > 日本の民俗・習慣
9784907400590,825,TOP > 書籍 > 健康・家庭医学 > 健康・家庭医学 > 胃腸病
9784860087623,1595,TOP > 書籍 > 健康・家庭医学 > 健康・家庭医学 > 健康食
9784062813709,825,TOP > 書籍 > 教養・雑学（文庫） > 政治 > 日本政治
